﻿<?xml version="1.0" encoding="utf-8"?>
<abapGit version="v1.0.0" serializer="LCL_OBJECT_TABL" serializer_version="v1.0.0">
 <asx:abap xmlns:asx="http://www.sap.com/abapxml" version="1.0">
  <asx:values>
   <DD02V>
    <TABNAME>ZSGIT010</TABNAME>
    <DDLANGUAGE>1</DDLANGUAGE>
    <TABCLASS>INTTAB</TABCLASS>
    <DDTEXT>基础表结构-记录创建和修改的日期/时间/用户/程序/TCODE</DDTEXT>
   </DD02V>
   <DD03P_TABLE>
    <DD03P>
     <TABNAME>ZSGIT010</TABNAME>
     <FIELDNAME>CRDAT</FIELDNAME>
     <POSITION>0001</POSITION>
     <ROLLNAME>CRDAT</ROLLNAME>
     <ADMINFIELD>0</ADMINFIELD>
     <SHLPORIGIN>T</SHLPORIGIN>
     <COMPTYPE>E</COMPTYPE>
    </DD03P>
    <DD03P>
     <TABNAME>ZSGIT010</TABNAME>
     <FIELDNAME>CRTIM</FIELDNAME>
     <POSITION>0002</POSITION>
     <ROLLNAME>CTME</ROLLNAME>
     <ADMINFIELD>0</ADMINFIELD>
     <SHLPORIGIN>T</SHLPORIGIN>
     <COMPTYPE>E</COMPTYPE>
    </DD03P>
    <DD03P>
     <TABNAME>ZSGIT010</TABNAME>
     <FIELDNAME>CRNAM</FIELDNAME>
     <POSITION>0003</POSITION>
     <ROLLNAME>CRNAM</ROLLNAME>
     <ADMINFIELD>0</ADMINFIELD>
     <COMPTYPE>E</COMPTYPE>
    </DD03P>
    <DD03P>
     <TABNAME>ZSGIT010</TABNAME>
     <FIELDNAME>CRTCD</FIELDNAME>
     <POSITION>0004</POSITION>
     <ROLLNAME>ZE_CRTCD</ROLLNAME>
     <ADMINFIELD>0</ADMINFIELD>
     <COMPTYPE>E</COMPTYPE>
    </DD03P>
    <DD03P>
     <TABNAME>ZSGIT010</TABNAME>
     <FIELDNAME>CRPID</FIELDNAME>
     <POSITION>0005</POSITION>
     <ROLLNAME>ZE_CRPID</ROLLNAME>
     <ADMINFIELD>0</ADMINFIELD>
     <COMPTYPE>E</COMPTYPE>
    </DD03P>
    <DD03P>
     <TABNAME>ZSGIT010</TABNAME>
     <FIELDNAME>CHDAT</FIELDNAME>
     <POSITION>0006</POSITION>
     <ROLLNAME>AEDAT</ROLLNAME>
     <ADMINFIELD>0</ADMINFIELD>
     <SHLPORIGIN>T</SHLPORIGIN>
     <COMPTYPE>E</COMPTYPE>
    </DD03P>
    <DD03P>
     <TABNAME>ZSGIT010</TABNAME>
     <FIELDNAME>CHTIM</FIELDNAME>
     <POSITION>0007</POSITION>
     <ROLLNAME>COPA_TIME</ROLLNAME>
     <ADMINFIELD>0</ADMINFIELD>
     <SHLPORIGIN>T</SHLPORIGIN>
     <COMPTYPE>E</COMPTYPE>
    </DD03P>
    <DD03P>
     <TABNAME>ZSGIT010</TABNAME>
     <FIELDNAME>CHNAM</FIELDNAME>
     <POSITION>0008</POSITION>
     <ROLLNAME>AENAM</ROLLNAME>
     <ADMINFIELD>0</ADMINFIELD>
     <COMPTYPE>E</COMPTYPE>
    </DD03P>
    <DD03P>
     <TABNAME>ZSGIT010</TABNAME>
     <FIELDNAME>CHTCD</FIELDNAME>
     <POSITION>0009</POSITION>
     <ROLLNAME>ZE_CHTCD</ROLLNAME>
     <ADMINFIELD>0</ADMINFIELD>
     <COMPTYPE>E</COMPTYPE>
    </DD03P>
    <DD03P>
     <TABNAME>ZSGIT010</TABNAME>
     <FIELDNAME>CHPID</FIELDNAME>
     <POSITION>0010</POSITION>
     <ROLLNAME>ZE_CHPID</ROLLNAME>
     <ADMINFIELD>0</ADMINFIELD>
     <COMPTYPE>E</COMPTYPE>
    </DD03P>
    <DD03P>
     <TABNAME>ZSGIT010</TABNAME>
     <FIELDNAME>TIMESTAMP</FIELDNAME>
     <POSITION>0011</POSITION>
     <ROLLNAME>ZEGIT_TIMESTAMP</ROLLNAME>
     <ADMINFIELD>0</ADMINFIELD>
     <COMPTYPE>E</COMPTYPE>
    </DD03P>
   </DD03P_TABLE>
  </asx:values>
 </asx:abap>
</abapGit>
