﻿<?xml version="1.0" encoding="utf-8"?>
<asx:abap xmlns:asx="http://www.sap.com/abapxml" version="1.0">
 <asx:values>
  <DATA>
   <GROUP_ID>tricktresor.de</GROUP_ID>
   <ARTIFACT_ID>cute</ARTIFACT_ID>
   <VERSION>0.1.1</VERSION>
   <REPOSITORY_TYPE>abapGit</REPOSITORY_TYPE>
   <GIT_URL>https://github.com/tricktresor/cute</GIT_URL>
   <DEPENDENCIES>
    <item>
     <GROUP_ID>tricktresor.de</GROUP_ID>
     <ARTIFACT_ID>dodo</ARTIFACT_ID>
     <GIT_URL>https://github.com/tricktresor/dodo</GIT_URL>
    </item>
   </DEPENDENCIES>
  </DATA>
 </asx:values>
</asx:abap>
